Gr19_scaffold155	14462	15422	g69.t1	0	-
Gr19_scaffold155	14462	14917	g69.t2	0	-
Gr19_scaffold155	39072	42006	g74.t1	0	-
Gr19_scaffold155	39072	42006	g74.t2	0	-
Gr19_scaffold155	55448	57591	g80.t1	0	+
Gr19_scaffold155	67781	73086	g82.t1	0	+
Gr19_scaffold155	67781	73086	g82.t2	0	+
Gr19_scaffold155	181914	183543	g103.t1	0	-
Gr19_scaffold35	115152	128091	g116.t1	0	-
Gr19_scaffold35	115273	128091	g116.t2	0	-
Gr19_scaffold35	115152	128091	g116.t3	0	-
Gr19_scaffold35	157156	175054	g124.t1	0	+
Gr19_scaffold35	815887	821958	g248.t1	0	-
Gr19_scaffold35	1800142	1801550	g420.t1	0	+
Gr19_scaffold35	1957922	1958685	g450.t1	0	+
Gr19_scaffold35	1961859	1963804	g452.t1	0	+
Gr19_scaffold35	1964710	1965715	g453.t1	0	-
Gr19_scaffold35	1965878	1972276	g454.t1	0	-
Gr19_scaffold35	2014648	2016648	g468.t1	0	-
Gr19_scaffold35	2018477	2025630	g469.t1	0	+
Gr19_scaffold35	2066777	2067212	g473.t1	0	+
Gr19_scaffold35	2092390	2095483	g478.t1	0	-
Gr19_scaffold35	2106451	2109136	g482.t1	0	-
Gr19_scaffold35	2111735	2113811	g483.t1	0	-
Gr19_scaffold35	2117471	2120242	g486.t1	0	+
Gr19_scaffold35	2122912	2125107	g488.t1	0	+
Gr19_scaffold35	2130573	2131597	g490.t1	0	-
Gr19_scaffold35	2136371	2139039	g491.t1	0	+
Gr19_scaffold35	2148665	2151421	g495.t1	0	-
Gr19_scaffold35	2155576	2162807	g497.t1	0	+
Gr19_scaffold35	2164119	2169647	g498.t1	0	+
Gr19_scaffold35	2171537	2173925	g499.t1	0	+
Gr19_scaffold35	2174277	2177448	g500.t1	0	-
Gr19_scaffold35	2187352	2190336	g503.t1	0	-
Gr19_scaffold35	2227636	2228933	g507.t1	0	+
Gr19_scaffold35	2248045	2250437	g514.t1	0	-
Gr19_scaffold35	2251765	2255221	g515.t1	0	-
Gr19_scaffold35	2275267	2278043	g520.t1	0	+
Gr19_scaffold35	2286241	2288993	g523.t1	0	-
Gr19_scaffold35	2290017	2293000	g524.t1	0	+
Gr19_scaffold35	2298706	2301248	g527.t1	0	-
Gr19_scaffold35	2328470	2329918	g532.t1	0	+
Gr19_scaffold35	2334744	2336193	g533.t1	0	+
Gr19_scaffold35	2338722	2339627	g534.t1	0	-
Gr19_scaffold35	2339681	2341386	g535.t1	0	+
Gr19_scaffold35	2343915	2345364	g536.t1	0	-
Gr19_scaffold35	2350971	2352236	g538.t1	0	+
Gr19_scaffold35	2360998	2364460	g540.t1	0	+
Gr19_scaffold35	2386318	2386792	g544.t1	0	-
Gr19_scaffold35	2387092	2388509	g545.t1	0	+
Gr19_scaffold35	2389401	2393197	g546.t1	0	+
Gr19_scaffold35	2394202	2396557	g547.t1	0	-
Gr19_scaffold35	2414964	2416571	g553.t1	0	+
Gr19_scaffold35	2417224	2420298	g554.t1	0	-
Gr19_scaffold35	2452275	2453129	g559.t1	0	+
Gr19_scaffold35	2459852	2460870	g560.t1	0	+
Gr19_scaffold35	2462096	2462550	g561.t1	0	+
Gr19_scaffold35	2537541	2540892	g574.t1	0	-
Gr19_scaffold35	2616977	2618772	g599.t1	0	-
Gr19_scaffold35	2632059	2636760	g602.t1	0	-
Gr19_scaffold35	2701372	2703699	g615.t1	0	+
Gr19_scaffold35	2709163	2709558	g618.t1	0	+
Gr19_scaffold35	2710304	2714578	g619.t1	0	+
Gr19_scaffold35	2722716	2727430	g621.t1	0	-
Gr19_scaffold35	2737050	2740795	g625.t1	0	+
Gr19_scaffold35	2741259	2744546	g626.t1	0	-
Gr19_scaffold35	2754030	2757394	g631.t1	0	-
Gr19_scaffold35	2770446	2773805	g634.t1	0	+
Gr19_scaffold35	2774308	2780202	g635.t1	0	+
Gr19_scaffold35	2785454	2787243	g638.t1	0	+
Gr19_scaffold35	2819793	2823445	g645.t1	0	-
Gr19_scaffold35	2831746	2834120	g646.t1	0	+
Gr19_scaffold46	273731	277064	g696.t1	0	-
Gr19_scaffold46	288305	291036	g699.t1	0	+
Gr19_scaffold46	823500	825436	g807.t1	0	-
Gr19_scaffold85	846765	853530	g1231.t1	0	-
Gr19_scaffold85	846765	853530	g1231.t2	0	-
Gr19_scaffold91	922402	922907	g1684.t1	0	-
Gr19_scaffold125	350848	353027	g1841.t1	0	-
Gr19_scaffold68	397172	400483	g2015.t1	0	-
Gr19_scaffold68	406396	407707	g2017.t1	0	-
Gr19_scaffold68	519243	519470	g2037.t1	0	-
Gr19_scaffold68	802827	806625	g2093.t1	0	+
Gr19_scaffold116	12454	12896	g2261.t1	0	+
Gr19_scaffold116	47929	49114	g2271.t1	0	+
Gr19_scaffold116	108925	109889	g2284.t1	0	+
Gr19_scaffold116	207582	210188	g2302.t1	0	+
Gr19_scaffold116	211068	213299	g2303.t1	0	-
Gr19_scaffold116	365894	368117	g2334.t1	0	-
Gr19_scaffold140	177789	179691	g2394.t1	0	-
Gr19_scaffold130	1161636	1162731	g2919.t1	0	+
Gr19_scaffold130	1176200	1177431	g2922.t1	0	-
Gr19_scaffold130	2065217	2068137	g3129.t1	0	-
Gr19_scaffold88	1437800	1441872	g3497.t1	0	+
Gr19_scaffold88	2046849	2049139	g3654.t1	0	-
Gr19_scaffold88	2050756	2053942	g3656.t1	0	+
Gr19_scaffold88	2057832	2060850	g3659.t1	0	+
Gr19_scaffold88	2391102	2392128	g3742.t1	0	-
Gr19_scaffold88	2466581	2467358	g3761.t1	0	+
Gr19_scaffold94	307415	307723	g3846.t1	0	+
Gr19_scaffold94	326516	327923	g3848.t1	0	+
Gr19_scaffold94	381412	382898	g3856.t1	0	-
Gr19_scaffold94	883420	885136	g3968.t2	0	+
Gr19_scaffold94	890920	893757	g3970.t1	0	-
Gr19_scaffold94	957447	959474	g3980.t1	0	-
Gr19_scaffold94	974968	976604	g3986.t1	0	-
Gr19_scaffold19	44735	48266	g4056.t1	0	-
Gr19_scaffold12	27944	29058	g4081.t1	0	+
Gr19_scaffold13	6220	10257	g4333.t1	0	-
Gr19_scaffold13	14690	16060	g4334.t1	0	-
Gr19_scaffold13	25738	29090	g4338.t1	0	+
Gr19_scaffold13	29575	36685	g4339.t1	0	-
Gr19_scaffold13	49648	50443	g4342.t1	0	-
Gr19_scaffold13	54502	56519	g4344.t1	0	+
Gr19_scaffold13	61395	63791	g4346.t1	0	-
Gr19_scaffold13	63976	68559	g4347.t1	0	-
Gr19_scaffold13	96805	99826	g4352.t1	0	+
Gr19_scaffold13	118850	121585	g4357.t1	0	+
Gr19_scaffold13	1147103	1152748	g4644.t1	0	+
Gr19_scaffold13	1147103	1152748	g4644.t2	0	+
Gr19_scaffold79	9745	11016	g4881.t1	0	-
Gr19_scaffold79	24120	25937	g4883.t1	0	-
Gr19_scaffold79	30972	34139	g4885.t1	0	-
Gr19_scaffold79	30972	34139	g4885.t2	0	-
Gr19_scaffold79	39495	41470	g4887.t1	0	-
Gr19_scaffold79	50084	52236	g4889.t1	0	-
Gr19_scaffold79	55966	59363	g4891.t1	0	-
Gr19_scaffold79	55966	59363	g4891.t2	0	-
Gr19_scaffold79	65122	69557	g4893.t1	0	-
Gr19_scaffold79	76648	80400	g4896.t1	0	-
Gr19_scaffold79	90072	93559	g4898.t1	0	-
Gr19_scaffold79	90072	93559	g4898.t2	0	-
Gr19_scaffold79	602805	604523	g5030.t1	0	+
Gr19_scaffold79	609566	611271	g5033.t1	0	-
Gr19_scaffold79	2331101	2332161	g5459.t1	0	+
Gr19_scaffold79	2754981	2757530	g5549.t1	0	+
Gr19_scaffold79	2758372	2760663	g5550.t1	0	-
Gr19_scaffold79	2772373	2775800	g5555.t1	0	+
Gr19_scaffold112	15556	23661	g5621.t1	0	+
Gr19_scaffold112	15556	23661	g5621.t2	0	+
Gr19_scaffold141	1161348	1167716	g5914.t1	0	-
Gr19_scaffold141	1161348	1167716	g5914.t2	0	-
Gr19_scaffold141	1161348	1167716	g5914.t3	0	-
Gr19_scaffold141	1537167	1543253	g6008.t1	0	+
Gr19_scaffold141	1925713	1926783	g6070.t1	0	-
Gr19_scaffold141	1925713	1926783	g6070.t2	0	-
Gr19_scaffold141	1925713	1926783	g6070.t3	0	-
Gr19_scaffold141	1960532	1962299	g6078.t1	0	+
Gr19_scaffold141	2035594	2040853	g6092.t1	0	+
Gr19_scaffold141	2106947	2109793	g6105.t1	0	+
Gr19_scaffold141	2105981	2109793	g6105.t2	0	+
Gr19_scaffold141	2115281	2118480	g6107.t1	0	+
Gr19_scaffold141	2152406	2154930	g6120.t1	0	-
Gr19_scaffold141	2152406	2154930	g6120.t2	0	-
Gr19_scaffold141	2163811	2167320	g6122.t1	0	-
Gr19_scaffold141	2170704	2174133	g6123.t1	0	+
Gr19_scaffold141	2170704	2174133	g6123.t2	0	+
Gr19_scaffold141	2175141	2178913	g6124.t1	0	+
Gr19_scaffold141	2184146	2185902	g6126.t1	0	-
Gr19_scaffold141	2184146	2185902	g6126.t2	0	-
Gr19_scaffold141	2205422	2207189	g6132.t1	0	+
Gr19_scaffold106	15757	19124	g6184.t1	0	+
Gr19_scaffold106	38232	40938	g6188.t1	0	+
Gr19_scaffold106	38232	41082	g6188.t2	0	+
Gr19_scaffold106	57684	61566	g6193.t1	0	-
Gr19_scaffold106	63383	64089	g6194.t1	0	-
Gr19_scaffold106	90753	93655	g6199.t1	0	-
Gr19_scaffold106	442207	443267	g6276.t1	0	-
Gr19_scaffold106	663984	666001	g6334.t1	0	+
Gr19_scaffold119	1116273	1118001	g6625.t1	0	-
Gr19_scaffold119	1144243	1147306	g6634.t1	0	+
Gr19_scaffold119	1165808	1168698	g6640.t1	0	+
Gr19_scaffold119	1610328	1622839	g6767.t1	0	-
Gr19_scaffold119	1610328	1622839	g6767.t2	0	-
Gr19_scaffold105	456031	461446	g7085.t1	0	-
Gr19_scaffold105	469747	474252	g7088.t1	0	-
Gr19_scaffold105	469747	474252	g7088.t2	0	-
Gr19_scaffold105	504240	505720	g7100.t1	0	+
Gr19_scaffold105	517541	518988	g7103.t1	0	+
Gr19_scaffold105	523724	525179	g7105.t1	0	+
Gr19_scaffold105	540661	542623	g7110.t1	0	+
Gr19_scaffold105	540661	542623	g7110.t2	0	+
Gr19_scaffold115	328469	331667	g7154.t1	0	+
Gr19_scaffold115	328469	331667	g7154.t2	0	+
Gr19_scaffold115	373110	376048	g7164.t1	0	+
Gr19_scaffold115	373110	376048	g7164.t2	0	+
Gr19_scaffold111	843814	849381	g7269.t1	0	+
Gr19_scaffold111	850195	855458	g7270.t1	0	+
Gr19_scaffold2	78261	85075	g7296.t1	0	+
Gr19_scaffold2	78261	85075	g7296.t2	0	+
Gr19_scaffold2	1071646	1079833	g7534.t1	0	-
Gr19_scaffold2	1071646	1079833	g7534.t2	0	-
Gr19_scaffold2	1073406	1079833	g7534.t3	0	-
Gr19_scaffold2	3741988	3744488	g7944.t1	0	+
Gr19_scaffold86	224110	226172	g8030.t1	0	+
Gr19_scaffold86	1634462	1638044	g8321.t1	0	+
Gr19_scaffold86	1634410	1638044	g8321.t2	0	+
Gr19_scaffold86	1634462	1638044	g8321.t3	0	+
Gr19_scaffold86	2095873	2101603	g8413.t1	0	+
Gr19_scaffold160	12601	15424	g8679.t1	0	-
Gr19_scaffold160	12601	16718	g8679.t2	0	-
Gr19_scaffold160	17967	27114	g8680.t1	0	+
Gr19_scaffold160	19312	27114	g8680.t2	0	+
Gr19_scaffold160	30850	31502	g8682.t1	0	+
Gr19_scaffold160	33453	36151	g8683.t1	0	+
Gr19_scaffold160	37144	40060	g8684.t1	0	+
Gr19_scaffold160	42573	61248	g8685.t1	0	-
Gr19_scaffold160	62976	65942	g8686.t1	0	+
Gr19_scaffold160	62976	65942	g8686.t2	0	+
Gr19_scaffold160	62976	65942	g8686.t3	0	+
Gr19_scaffold160	97645	99102	g8693.t1	0	+
Gr19_scaffold160	97645	99102	g8693.t2	0	+
Gr19_scaffold160	101156	102848	g8695.t1	0	+
Gr19_scaffold160	105398	107221	g8696.t1	0	+
Gr19_scaffold160	108848	110541	g8697.t1	0	+
Gr19_scaffold160	113077	113580	g8699.t1	0	+
Gr19_scaffold160	117954	119416	g8701.t1	0	+
Gr19_scaffold160	121007	123331	g8702.t1	0	+
Gr19_scaffold160	125811	128707	g8704.t1	0	-
Gr19_scaffold160	142682	144461	g8708.t1	0	-
Gr19_scaffold160	142682	144461	g8708.t2	0	-
Gr19_scaffold160	146590	148211	g8709.t1	0	+
Gr19_scaffold160	164367	165705	g8714.t1	0	+
Gr19_scaffold45	2893	3402	g8843.t1	0	-
Gr19_scaffold45	1	3402	g8843.t2	0	-
Gr19_scaffold45	1	3402	g8843.t3	0	-
Gr19_scaffold24	254799	256561	g8853.t1	0	+
Gr19_scaffold87	1304774	1309803	g9159.t1	0	-
Gr19_scaffold87	1331762	1333720	g9164.t1	0	+
Gr19_scaffold139	118195	120470	g9187.t1	0	+
Gr19_scaffold139	124055	126066	g9190.t1	0	+
Gr19_scaffold139	126504	129167	g9191.t1	0	+
Gr19_scaffold139	139505	142750	g9192.t1	0	+
Gr19_scaffold132	194555	206525	g9238.t1	0	+
Gr19_scaffold132	194555	206525	g9238.t2	0	+
Gr19_scaffold89	859270	863873	g9445.t1	0	+
Gr19_scaffold5	4451	6014	g9650.t1	0	+
Gr19_scaffold51	2670	4437	g9668.t1	0	+
Gr19_scaffold84	1445818	1447442	g10035.t1	0	+
Gr19_scaffold84	1445818	1447442	g10035.t2	0	+
Gr19_scaffold84	1461827	1467544	g10039.t1	0	+
Gr19_scaffold102	4466	8351	g10083.t1	0	+
Gr19_scaffold102	11506	12686	g10085.t1	0	-
Gr19_scaffold102	72059	77840	g10093.t1	0	-
Gr19_scaffold102	91478	94402	g10100.t1	0	+
Gr19_scaffold102	97726	98411	g10101.t1	0	-
Gr19_scaffold102	107693	110018	g10103.t1	0	+
Gr19_scaffold102	118046	119425	g10105.t1	0	-
Gr19_scaffold102	118046	120677	g10105.t3	0	-
Gr19_scaffold102	126500	128935	g10107.t1	0	-
Gr19_scaffold102	130111	134482	g10108.t1	0	+
Gr19_scaffold102	148933	156875	g10114.t1	0	+
Gr19_scaffold102	148933	156875	g10114.t2	0	+
Gr19_scaffold102	148933	156875	g10114.t3	0	+
Gr19_scaffold102	157619	158579	g10115.t1	0	-
Gr19_scaffold102	168562	171605	g10116.t1	0	-
Gr19_scaffold102	174778	176545	g10117.t1	0	-
Gr19_scaffold102	174778	177114	g10117.t2	0	-
Gr19_scaffold102	192686	196373	g10120.t1	0	+
Gr19_scaffold102	199945	203362	g10122.t1	0	-
Gr19_scaffold102	224226	227206	g10126.t1	0	+
Gr19_scaffold102	268670	271638	g10141.t1	0	-
Gr19_scaffold102	282053	283817	g10144.t1	0	-
Gr19_scaffold102	514529	517209	g10161.t1	0	-
Gr19_scaffold102	586589	590744	g10176.t1	0	+
Gr19_scaffold102	586589	590744	g10176.t2	0	+
Gr19_scaffold102	1082106	1084035	g10209.t1	0	+
Gr19_scaffold102	1089480	1092214	g10212.t1	0	+
Gr19_scaffold151	113067	145267	g10251.t1	0	+
Gr19_scaffold151	113067	145267	g10251.t2	0	+
Gr19_scaffold151	113067	145267	g10251.t3	0	+
Gr19_scaffold41	6065	9080	g10274.t1	0	-
Gr19_scaffold41	12615	14771	g10276.t1	0	+
Gr19_scaffold41	23788	27111	g10278.t1	0	+
Gr19_scaffold144	178850	189303	g10836.t1	0	+
Gr19_scaffold144	178850	189245	g10836.t2	0	+
Gr19_scaffold144	178850	189303	g10836.t3	0	+
Gr19_scaffold144	178850	189303	g10836.t4	0	+
Gr19_scaffold144	199435	200662	g10841.t1	0	-
Gr19_scaffold100	620813	621360	g10958.t1	0	-
Gr19_scaffold100	626531	630109	g10960.t1	0	+
Gr19_scaffold148	89578	90229	g10995.t1	0	-
Gr19_scaffold76	1	2098	g11209.t1	0	-
Gr19_scaffold76	1	2098	g11209.t2	0	-
Gr19_scaffold76	7837	8634	g11211.t1	0	-
Gr19_scaffold110	402721	403976	g11395.t1	0	+
Gr19_scaffold110	402939	403976	g11395.t2	0	+
Gr19_scaffold110	538322	540206	g11400.t1	0	-
Gr19_scaffold110	545837	548494	g11403.t1	0	-
Gr19_scaffold110	570506	575016	g11407.t1	0	-
Gr19_scaffold110	577105	578213	g11408.t1	0	-
Gr19_scaffold110	585722	592054	g11410.t1	0	+
Gr19_scaffold110	585722	592054	g11410.t2	0	+
Gr19_scaffold110	593757	597011	g11411.t1	0	+
Gr19_scaffold110	593757	597011	g11411.t2	0	+
Gr19_scaffold10	22540	24148	g11522.t1	0	+
Gr19_scaffold10	39402	43336	g11526.t1	0	-
Gr19_scaffold10	45287	48261	g11528.t1	0	-
Gr19_scaffold10	52517	52943	g11530.t1	0	+
Gr19_scaffold10	53104	56924	g11531.t2	0	-
Gr19_scaffold10	53104	56924	g11531.t3	0	-
Gr19_scaffold10	60255	61373	g11533.t1	0	-
Gr19_scaffold10	64902	67247	g11534.t1	0	+
Gr19_scaffold10	79053	82123	g11538.t1	0	+
Gr19_scaffold10	85284	86281	g11539.t1	0	+
Gr19_scaffold10	88977	90494	g11541.t1	0	-
Gr19_scaffold10	97927	100736	g11543.t1	0	+
Gr19_scaffold1	689616	691196	g11814.t1	0	-
Gr19_scaffold1	1237642	1245027	g11944.t1	0	-
Gr19_scaffold1	1250784	1252035	g11946.t1	0	+
Gr19_scaffold1	1259590	1261242	g11949.t1	0	-
Gr19_scaffold1	1273302	1275994	g11952.t1	0	-
Gr19_scaffold1	1283615	1285876	g11955.t1	0	-
Gr19_scaffold1	1330328	1332057	g11962.t1	0	-
Gr19_scaffold1	1333547	1336023	g11963.t1	0	-
Gr19_scaffold1	1336552	1338323	g11964.t1	0	+
Gr19_scaffold1	1336552	1338323	g11964.t2	0	+
Gr19_scaffold1	1343263	1344420	g11965.t1	0	+
Gr19_scaffold1	1345677	1347442	g11966.t1	0	+
Gr19_scaffold1	1349693	1351851	g11967.t1	0	+
Gr19_scaffold1	1353861	1355640	g11968.t1	0	+
Gr19_scaffold1	1367817	1369951	g11971.t1	0	-
Gr19_scaffold1	1430025	1437270	g11979.t1	0	-
Gr19_scaffold1	1438227	1439526	g11980.t1	0	+
Gr19_scaffold1	1441521	1442431	g11981.t1	0	-
Gr19_scaffold1	1443641	1446507	g11982.t1	0	+
Gr19_scaffold1	1453760	1454692	g11984.t1	0	-
Gr19_scaffold1	1463964	1464841	g11987.t1	0	-
Gr19_scaffold1	1468666	1470043	g11990.t1	0	+
Gr19_scaffold1	1470312	1470890	g11991.t1	0	-
Gr19_scaffold1	1470312	1470890	g11991.t2	0	-
Gr19_scaffold1	1473711	1476027	g11992.t1	0	+
Gr19_scaffold1	1480395	1483124	g11994.t1	0	+
Gr19_scaffold1	1486416	1486616	g11995.t1	0	-
Gr19_scaffold1	1491786	1492368	g11996.t1	0	+
Gr19_scaffold1	1500081	1500538	g11997.t1	0	-
Gr19_scaffold1	1529590	1532163	g12001.t1	0	-
Gr19_scaffold1	1534146	1535767	g12002.t1	0	+
Gr19_scaffold1	1539617	1542594	g12003.t1	0	+
Gr19_scaffold1	1544173	1545224	g12004.t1	0	+
Gr19_scaffold1	1547368	1549654	g12005.t1	0	-
Gr19_scaffold1	1551324	1552590	g12006.t1	0	-
Gr19_scaffold1	1559660	1561003	g12008.t1	0	-
Gr19_scaffold1	1562385	1567255	g12009.t1	0	+
Gr19_scaffold1	1568095	1570340	g12010.t1	0	-
Gr19_scaffold1	1572724	1575302	g12011.t1	0	-
Gr19_scaffold1	1578659	1579273	g12013.t1	0	+
Gr19_scaffold1	1580497	1582782	g12014.t1	0	+
Gr19_scaffold1	1608308	1613550	g12016.t1	0	+
Gr19_scaffold1	1617181	1622373	g12018.t1	0	-
Gr19_scaffold1	1623091	1624583	g12019.t1	0	+
Gr19_scaffold1	1627697	1629529	g12021.t1	0	-
Gr19_scaffold1	1629951	1631853	g12022.t1	0	-
Gr19_scaffold1	1635447	1636988	g12023.t1	0	+
Gr19_scaffold1	1641647	1643097	g12024.t1	0	-
Gr19_scaffold1	1645649	1647264	g12025.t1	0	-
Gr19_scaffold1	1664384	1666612	g12029.t1	0	+
Gr19_scaffold1	1735839	1739018	g12046.t1	0	+
Gr19_scaffold1	1744296	1747659	g12049.t1	0	+
Gr19_scaffold1	1744296	1747659	g12049.t2	0	+
Gr19_scaffold1	1749548	1754281	g12050.t1	0	-
Gr19_scaffold1	1756690	1762244	g12051.t1	0	-
Gr19_scaffold1	1798873	1800225	g12058.t1	0	+
Gr19_scaffold1	1801448	1802573	g12059.t1	0	-
Gr19_scaffold1	1805545	1809677	g12061.t1	0	+
Gr19_scaffold1	1810141	1811986	g12062.t1	0	-
Gr19_scaffold1	1813918	1816201	g12063.t1	0	-
Gr19_scaffold1	1818806	1820680	g12064.t1	0	-
Gr19_scaffold1	1829961	1833352	g12067.t1	0	-
Gr19_scaffold1	1837079	1839459	g12069.t1	0	-
Gr19_scaffold1	1848383	1850784	g12072.t1	0	+
Gr19_scaffold1	1851602	1853345	g12073.t1	0	+
Gr19_scaffold1	1853514	1857785	g12074.t1	0	-
Gr19_scaffold1	1859417	1861789	g12075.t1	0	-
Gr19_scaffold1	1866493	1868255	g12076.t1	0	-
Gr19_scaffold1	1871490	1873199	g12077.t1	0	-
Gr19_scaffold1	1889241	1898535	g12082.t1	0	+
Gr19_scaffold1	1889241	1898535	g12082.t2	0	+
Gr19_scaffold1	1900366	1903850	g12083.t1	0	+
Gr19_scaffold1	1908053	1911112	g12084.t1	0	+
Gr19_scaffold1	1914340	1917911	g12086.t1	0	+
Gr19_scaffold1	1927045	1931442	g12089.t1	0	-
Gr19_scaffold1	1932463	1935240	g12090.t1	0	-
Gr19_scaffold1	1936175	1938920	g12091.t1	0	-
Gr19_scaffold1	1944096	1946782	g12093.t1	0	-
Gr19_scaffold1	1948305	1951103	g12094.t1	0	-
Gr19_scaffold1	1953567	1955953	g12095.t1	0	-
Gr19_scaffold1	1957146	1966391	g12096.t1	0	-
Gr19_scaffold1	1970028	1972044	g12098.t1	0	+
Gr19_scaffold1	1998707	2000630	g12107.t1	0	-
Gr19_scaffold1	2004658	2007351	g12109.t1	0	+
Gr19_scaffold1	2020149	2022746	g12114.t1	0	-
Gr19_scaffold1	2026375	2027964	g12116.t1	0	-
Gr19_scaffold1	2030048	2032113	g12117.t1	0	-
Gr19_scaffold1	2044349	2049744	g12122.t1	0	-
Gr19_scaffold1	2130422	2132997	g12136.t1	0	+
Gr19_scaffold1	2169229	2171940	g12143.t1	0	-
Gr19_scaffold1	2176686	2179771	g12146.t1	0	-
Gr19_scaffold1	2176686	2179039	g12146.t2	0	-
Gr19_scaffold1	4167221	4168459	g12603.t1	0	+
Gr19_scaffold98	16880	18728	g12635.t1	0	+
Gr19_scaffold98	23869	26251	g12637.t1	0	-
Gr19_scaffold98	23869	26251	g12637.t2	0	-
Gr19_scaffold98	103269	106414	g12654.t1	0	+
Gr19_scaffold98	263179	264865	g12681.t1	0	-
Gr19_scaffold98	325832	327990	g12693.t1	0	-
Gr19_scaffold98	331658	334839	g12694.t1	0	-
Gr19_scaffold98	413389	415922	g12707.t1	0	-
Gr19_scaffold98	473150	475576	g12722.t1	0	+
Gr19_scaffold98	481145	483685	g12723.t1	0	+
Gr19_scaffold98	490218	491382	g12726.t1	0	+
Gr19_scaffold98	493483	495712	g12727.t1	0	+
Gr19_scaffold98	525959	530200	g12732.t1	0	+
Gr19_scaffold98	525959	530200	g12732.t2	0	+
Gr19_scaffold98	645615	647063	g12760.t1	0	-
Gr19_scaffold98	648963	653911	g12761.t1	0	+
Gr19_scaffold98	699946	703249	g12773.t1	0	+
Gr19_scaffold98	741606	750890	g12784.t1	0	-
Gr19_scaffold98	741606	750890	g12784.t2	0	-
Gr19_scaffold98	768146	769630	g12789.t1	0	+
Gr19_scaffold98	870028	874850	g12810.t1	0	+
Gr19_scaffold171	32275	37346	g12825.t1	0	+
Gr19_scaffold171	59807	62722	g12829.t1	0	+
Gr19_scaffold171	63608	65071	g12830.t1	0	-
Gr19_scaffold101	48544	49508	g12860.t1	0	+
Gr19_scaffold101	201482	203706	g12891.t1	0	+
Gr19_scaffold101	204588	207169	g12892.t1	0	-
Gr19_scaffold101	304382	305350	g12910.t1	0	-
Gr19_scaffold101	365078	366734	g12923.t1	0	-
Gr19_scaffold101	385155	386453	g12929.t1	0	-
Gr19_scaffold101	401609	401975	g12933.t1	0	-
Gr19_scaffold101	432420	434398	g12940.t1	0	+
Gr19_scaffold101	440465	441476	g12942.t1	0	+
Gr19_scaffold101	538184	541554	g12955.t1	0	-
Gr19_scaffold101	543241	545624	g12956.t1	0	-
Gr19_scaffold101	573044	575643	g12958.t1	0	-
Gr19_scaffold101	573044	575643	g12958.t2	0	-
Gr19_scaffold99	742475	744021	g13158.t1	0	-
Gr19_scaffold99	866239	868973	g13189.t1	0	+
Gr19_scaffold97	24682	29608	g13510.t1	0	-
Gr19_scaffold97	434649	436266	g13609.t1	0	-
Gr19_scaffold97	440826	442083	g13611.t1	0	+
Gr19_scaffold97	445390	446759	g13612.t1	0	-
Gr19_scaffold97	2378418	2379750	g14215.t1	0	-
Gr19_scaffold156	133963	135070	g14400.t1	0	+
Gr19_scaffold156	172594	174322	g14409.t1	0	-
Gr19_scaffold137	149154	153216	g14490.t1	0	-
Gr19_scaffold137	168987	172345	g14494.t1	0	+
Gr19_scaffold137	186601	187105	g14497.t1	0	+
Gr19_scaffold108	665612	668277	g14674.t1	0	+
Gr19_scaffold108	786107	788086	g14704.t1	0	+
Gr19_scaffold108	790154	794549	g14706.t1	0	-
Gr19_scaffold108	796440	799933	g14707.t1	0	-
Gr19_scaffold108	1663057	1666620	g14942.t1	0	+
Gr19_scaffold167	101524	105247	g15419.t1	0	-
Gr19_scaffold167	106715	115768	g15420.t1	0	-
Gr19_scaffold167	121771	124197	g15421.t1	0	-
Gr19_scaffold167	130702	132604	g15422.t1	0	+
Gr19_scaffold152	627316	637531	g15584.t1	0	-
Gr19_scaffold152	627316	637531	g15584.t2	0	-
Gr19_scaffold3	69033	72337	g16219.t1	0	-
Gr19_scaffold3	82679	85764	g16221.t1	0	-
Gr19_scaffold107	61811	63673	g16250.t1	0	+
Gr19_scaffold107	114380	118209	g16259.t1	0	+
Gr19_scaffold107	187958	191950	g16273.t1	0	+
Gr19_scaffold107	252642	253007	g16284.t1	0	-
Gr19_scaffold107	253831	254385	g16285.t1	0	-
Gr19_scaffold107	255471	255933	g16286.t1	0	-
Gr19_scaffold107	256237	257443	g16287.t1	0	-
Gr19_scaffold107	257747	258945	g16288.t1	0	-
Gr19_scaffold107	259249	259989	g16289.t1	0	-
Gr19_scaffold107	260060	260522	g16290.t1	0	-
Gr19_scaffold107	260826	261567	g16291.t1	0	-
Gr19_scaffold107	261638	262100	g16292.t1	0	-
Gr19_scaffold107	262404	262712	g16293.t1	0	-
Gr19_scaffold107	263594	264746	g16294.t1	0	-
Gr19_scaffold107	264817	265279	g16295.t1	0	-
Gr19_scaffold107	265583	265891	g16296.t1	0	-
Gr19_scaffold107	273131	273899	g16298.t1	0	-
Gr19_scaffold107	273974	275520	g16299.t1	0	+
Gr19_scaffold107	292279	294423	g16302.t1	0	+
Gr19_scaffold107	292279	294423	g16302.t2	0	+
Gr19_scaffold57	900559	904448	g16564.t1	0	-
Gr19_scaffold57	1029582	1031523	g16594.t1	0	-
Gr19_scaffold57	1647831	1649643	g16734.t1	0	-
Gr19_scaffold57	1647831	1649643	g16734.t2	0	-
Gr19_scaffold57	1656727	1658539	g16738.t1	0	-
Gr19_scaffold57	1662989	1664801	g16740.t1	0	-
Gr19_scaffold57	1669249	1671061	g16742.t1	0	-
Gr19_scaffold163	285551	288636	g16894.t1	0	-
Gr19_scaffold163	1099578	1101423	g16923.t1	0	-
Gr19_scaffold163	1099578	1101423	g16923.t2	0	-
Gr19_scaffold17	87702	88684	g17087.t1	0	-
Gr19_scaffold17	89121	89890	g17088.t1	0	+
Gr19_scaffold17	91110	94351	g17089.t1	0	+
Gr19_scaffold121	307293	310163	g17192.t1	0	-
Gr19_scaffold26	50535	54043	g17250.t1	0	-
Gr19_scaffold90	920680	924127	g17451.t1	0	+
Gr19_scaffold145	39946	42017	g17540.t1	0	-
Gr19_scaffold145	37964	42017	g17540.t2	0	-
Gr19_scaffold104	381771	384616	g17651.t1	0	-
Gr19_scaffold104	420884	422499	g17660.t1	0	+
Gr19_scaffold104	433129	434702	g17662.t1	0	+
Gr19_scaffold104	437019	440871	g17663.t1	0	+
Gr19_scaffold104	593543	595812	g17697.t1	0	+
Gr19_scaffold104	612612	614131	g17702.t1	0	+
Gr19_scaffold134	1559	5393	g17718.t1	0	-
Gr19_scaffold134	25847	28611	g17723.t1	0	-
Gr19_scaffold134	25847	28611	g17723.t2	0	-
Gr19_scaffold92	1014771	1016420	g17907.t1	0	+
